"from_institution_id","to_institution_id","work_count","period","status","source"
"I1291425158","I95457486","333","2015-2026","VERIFIED_RELATIONSHIP","https://api.openalex.org/works?filter=authorships.institutions.id%3AI1291425158%2Cauthorships.institutions.id%3AI95457486%2Cprimary_topic.subfield.id%3A1702%2Cpublication_year%3A2015-2026&per_page=1"
"I1291425158","I97018004","297","2015-2026","VERIFIED_RELATIONSHIP","https://api.openalex.org/works?filter=authorships.institutions.id%3AI1291425158%2Cauthorships.institutions.id%3AI97018004%2Cprimary_topic.subfield.id%3A1702%2Cpublication_year%3A2015-2026&per_page=1"
"I97018004","I95457486","295","2015-2026","VERIFIED_RELATIONSHIP","https://api.openalex.org/works?filter=authorships.institutions.id%3AI97018004%2Cauthorships.institutions.id%3AI95457486%2Cprimary_topic.subfield.id%3A1702%2Cpublication_year%3A2015-2026&per_page=1"
"I1174212","I161318765","131","2015-2026","VERIFIED_RELATIONSHIP","https://api.openalex.org/works?filter=authorships.institutions.id%3AI1174212%2Cauthorships.institutions.id%3AI161318765%2Cprimary_topic.subfield.id%3A1702%2Cpublication_year%3A2015-2026&per_page=1"
"I1291425158","I1174212","110","2015-2026","VERIFIED_RELATIONSHIP","https://api.openalex.org/works?filter=authorships.institutions.id%3AI1291425158%2Cauthorships.institutions.id%3AI1174212%2Cprimary_topic.subfield.id%3A1702%2Cpublication_year%3A2015-2026&per_page=1"
"I97018004","I36258959","101","2015-2026","VERIFIED_RELATIONSHIP","https://api.openalex.org/works?filter=authorships.institutions.id%3AI97018004%2Cauthorships.institutions.id%3AI36258959%2Cprimary_topic.subfield.id%3A1702%2Cpublication_year%3A2015-2026&per_page=1"
"I95457486","I122411786","97","2015-2026","VERIFIED_RELATIONSHIP","https://api.openalex.org/works?filter=authorships.institutions.id%3AI95457486%2Cauthorships.institutions.id%3AI122411786%2Cprimary_topic.subfield.id%3A1702%2Cpublication_year%3A2015-2026&per_page=1"
"I95457486","I36258959","91","2015-2026","VERIFIED_RELATIONSHIP","https://api.openalex.org/works?filter=authorships.institutions.id%3AI95457486%2Cauthorships.institutions.id%3AI36258959%2Cprimary_topic.subfield.id%3A1702%2Cpublication_year%3A2015-2026&per_page=1"
"I1291425158","I154570441","79","2015-2026","VERIFIED_RELATIONSHIP","https://api.openalex.org/works?filter=authorships.institutions.id%3AI1291425158%2Cauthorships.institutions.id%3AI154570441%2Cprimary_topic.subfield.id%3A1702%2Cpublication_year%3A2015-2026&per_page=1"
"I1291425158","I122411786","76","2015-2026","VERIFIED_RELATIONSHIP","https://api.openalex.org/works?filter=authorships.institutions.id%3AI1291425158%2Cauthorships.institutions.id%3AI122411786%2Cprimary_topic.subfield.id%3A1702%2Cpublication_year%3A2015-2026&per_page=1"
"I1291425158","I36258959","74","2015-2026","VERIFIED_RELATIONSHIP","https://api.openalex.org/works?filter=authorships.institutions.id%3AI1291425158%2Cauthorships.institutions.id%3AI36258959%2Cprimary_topic.subfield.id%3A1702%2Cpublication_year%3A2015-2026&per_page=1"
"I97018004","I1174212","74","2015-2026","VERIFIED_RELATIONSHIP","https://api.openalex.org/works?filter=authorships.institutions.id%3AI97018004%2Cauthorships.institutions.id%3AI1174212%2Cprimary_topic.subfield.id%3A1702%2Cpublication_year%3A2015-2026&per_page=1"
"I97018004","I122411786","71","2015-2026","VERIFIED_RELATIONSHIP","https://api.openalex.org/works?filter=authorships.institutions.id%3AI97018004%2Cauthorships.institutions.id%3AI122411786%2Cprimary_topic.subfield.id%3A1702%2Cpublication_year%3A2015-2026&per_page=1"
"I1291425158","I84218800","69","2015-2026","VERIFIED_RELATIONSHIP","https://api.openalex.org/works?filter=authorships.institutions.id%3AI1291425158%2Cauthorships.institutions.id%3AI84218800%2Cprimary_topic.subfield.id%3A1702%2Cpublication_year%3A2015-2026&per_page=1"
"I95457486","I1174212","68","2015-2026","VERIFIED_RELATIONSHIP","https://api.openalex.org/works?filter=authorships.institutions.id%3AI95457486%2Cauthorships.institutions.id%3AI1174212%2Cprimary_topic.subfield.id%3A1702%2Cpublication_year%3A2015-2026&per_page=1"
"I95457486","I161318765","67","2015-2026","VERIFIED_RELATIONSHIP","https://api.openalex.org/works?filter=authorships.institutions.id%3AI95457486%2Cauthorships.institutions.id%3AI161318765%2Cprimary_topic.subfield.id%3A1702%2Cpublication_year%3A2015-2026&per_page=1"
"I1174212","I84218800","67","2015-2026","VERIFIED_RELATIONSHIP","https://api.openalex.org/works?filter=authorships.institutions.id%3AI1174212%2Cauthorships.institutions.id%3AI84218800%2Cprimary_topic.subfield.id%3A1702%2Cpublication_year%3A2015-2026&per_page=1"
"I161318765","I84218800","66","2015-2026","VERIFIED_RELATIONSHIP","https://api.openalex.org/works?filter=authorships.institutions.id%3AI161318765%2Cauthorships.institutions.id%3AI84218800%2Cprimary_topic.subfield.id%3A1702%2Cpublication_year%3A2015-2026&per_page=1"
"I1291425158","I161318765","59","2015-2026","VERIFIED_RELATIONSHIP","https://api.openalex.org/works?filter=authorships.institutions.id%3AI1291425158%2Cauthorships.institutions.id%3AI161318765%2Cprimary_topic.subfield.id%3A1702%2Cpublication_year%3A2015-2026&per_page=1"
"I97018004","I161318765","57","2015-2026","VERIFIED_RELATIONSHIP","https://api.openalex.org/works?filter=authorships.institutions.id%3AI97018004%2Cauthorships.institutions.id%3AI161318765%2Cprimary_topic.subfield.id%3A1702%2Cpublication_year%3A2015-2026&per_page=1"
"I95457486","I84218800","52","2015-2026","VERIFIED_RELATIONSHIP","https://api.openalex.org/works?filter=authorships.institutions.id%3AI95457486%2Cauthorships.institutions.id%3AI84218800%2Cprimary_topic.subfield.id%3A1702%2Cpublication_year%3A2015-2026&per_page=1"
"I1174212","I36258959","49","2015-2026","VERIFIED_RELATIONSHIP","https://api.openalex.org/works?filter=authorships.institutions.id%3AI1174212%2Cauthorships.institutions.id%3AI36258959%2Cprimary_topic.subfield.id%3A1702%2Cpublication_year%3A2015-2026&per_page=1"
"I1291425158","I103635307","47","2015-2026","VERIFIED_RELATIONSHIP","https://api.openalex.org/works?filter=authorships.institutions.id%3AI1291425158%2Cauthorships.institutions.id%3AI103635307%2Cprimary_topic.subfield.id%3A1702%2Cpublication_year%3A2015-2026&per_page=1"
"I97018004","I84218800","47","2015-2026","VERIFIED_RELATIONSHIP","https://api.openalex.org/works?filter=authorships.institutions.id%3AI97018004%2Cauthorships.institutions.id%3AI84218800%2Cprimary_topic.subfield.id%3A1702%2Cpublication_year%3A2015-2026&per_page=1"
"I161318765","I36258959","47","2015-2026","VERIFIED_RELATIONSHIP","https://api.openalex.org/works?filter=authorships.institutions.id%3AI161318765%2Cauthorships.institutions.id%3AI36258959%2Cprimary_topic.subfield.id%3A1702%2Cpublication_year%3A2015-2026&per_page=1"
"I95457486","I204250578","45","2015-2026","VERIFIED_RELATIONSHIP","https://api.openalex.org/works?filter=authorships.institutions.id%3AI95457486%2Cauthorships.institutions.id%3AI204250578%2Cprimary_topic.subfield.id%3A1702%2Cpublication_year%3A2015-2026&per_page=1"
"I161318765","I204250578","39","2015-2026","VERIFIED_RELATIONSHIP","https://api.openalex.org/works?filter=authorships.institutions.id%3AI161318765%2Cauthorships.institutions.id%3AI204250578%2Cprimary_topic.subfield.id%3A1702%2Cpublication_year%3A2015-2026&per_page=1"
"I1291425158","I185103710","36","2015-2026","VERIFIED_RELATIONSHIP","https://api.openalex.org/works?filter=authorships.institutions.id%3AI1291425158%2Cauthorships.institutions.id%3AI185103710%2Cprimary_topic.subfield.id%3A1702%2Cpublication_year%3A2015-2026&per_page=1"
"I1291425158","I4210114444","34","2015-2026","VERIFIED_RELATIONSHIP","https://api.openalex.org/works?filter=authorships.institutions.id%3AI1291425158%2Cauthorships.institutions.id%3AI4210114444%2Cprimary_topic.subfield.id%3A1702%2Cpublication_year%3A2015-2026&per_page=1"
"I154570441","I103635307","33","2015-2026","VERIFIED_RELATIONSHIP","https://api.openalex.org/works?filter=authorships.institutions.id%3AI154570441%2Cauthorships.institutions.id%3AI103635307%2Cprimary_topic.subfield.id%3A1702%2Cpublication_year%3A2015-2026&per_page=1"
"I1174212","I122411786","32","2015-2026","VERIFIED_RELATIONSHIP","https://api.openalex.org/works?filter=authorships.institutions.id%3AI1174212%2Cauthorships.institutions.id%3AI122411786%2Cprimary_topic.subfield.id%3A1702%2Cpublication_year%3A2015-2026&per_page=1"
"I161318765","I122411786","32","2015-2026","VERIFIED_RELATIONSHIP","https://api.openalex.org/works?filter=authorships.institutions.id%3AI161318765%2Cauthorships.institutions.id%3AI122411786%2Cprimary_topic.subfield.id%3A1702%2Cpublication_year%3A2015-2026&per_page=1"
"I97018004","I185103710","31","2015-2026","VERIFIED_RELATIONSHIP","https://api.openalex.org/works?filter=authorships.institutions.id%3AI97018004%2Cauthorships.institutions.id%3AI185103710%2Cprimary_topic.subfield.id%3A1702%2Cpublication_year%3A2015-2026&per_page=1"
"I95457486","I154570441","31","2015-2026","VERIFIED_RELATIONSHIP","https://api.openalex.org/works?filter=authorships.institutions.id%3AI95457486%2Cauthorships.institutions.id%3AI154570441%2Cprimary_topic.subfield.id%3A1702%2Cpublication_year%3A2015-2026&per_page=1"
"I95457486","I185103710","31","2015-2026","VERIFIED_RELATIONSHIP","https://api.openalex.org/works?filter=authorships.institutions.id%3AI95457486%2Cauthorships.institutions.id%3AI185103710%2Cprimary_topic.subfield.id%3A1702%2Cpublication_year%3A2015-2026&per_page=1"
"I36258959","I84218800","31","2015-2026","VERIFIED_RELATIONSHIP","https://api.openalex.org/works?filter=authorships.institutions.id%3AI36258959%2Cauthorships.institutions.id%3AI84218800%2Cprimary_topic.subfield.id%3A1702%2Cpublication_year%3A2015-2026&per_page=1"
"I97018004","I204250578","30","2015-2026","VERIFIED_RELATIONSHIP","https://api.openalex.org/works?filter=authorships.institutions.id%3AI97018004%2Cauthorships.institutions.id%3AI204250578%2Cprimary_topic.subfield.id%3A1702%2Cpublication_year%3A2015-2026&per_page=1"
"I1174212","I204250578","30","2015-2026","VERIFIED_RELATIONSHIP","https://api.openalex.org/works?filter=authorships.institutions.id%3AI1174212%2Cauthorships.institutions.id%3AI204250578%2Cprimary_topic.subfield.id%3A1702%2Cpublication_year%3A2015-2026&per_page=1"
"I1291425158","I204250578","28","2015-2026","VERIFIED_RELATIONSHIP","https://api.openalex.org/works?filter=authorships.institutions.id%3AI1291425158%2Cauthorships.institutions.id%3AI204250578%2Cprimary_topic.subfield.id%3A1702%2Cpublication_year%3A2015-2026&per_page=1"
"I1291425158","I1306409833","28","2015-2026","VERIFIED_RELATIONSHIP","https://api.openalex.org/works?filter=authorships.institutions.id%3AI1291425158%2Cauthorships.institutions.id%3AI1306409833%2Cprimary_topic.subfield.id%3A1702%2Cpublication_year%3A2015-2026&per_page=1"
"I36258959","I154570441","28","2015-2026","VERIFIED_RELATIONSHIP","https://api.openalex.org/works?filter=authorships.institutions.id%3AI36258959%2Cauthorships.institutions.id%3AI154570441%2Cprimary_topic.subfield.id%3A1702%2Cpublication_year%3A2015-2026&per_page=1"
"I97018004","I154570441","27","2015-2026","VERIFIED_RELATIONSHIP","https://api.openalex.org/works?filter=authorships.institutions.id%3AI97018004%2Cauthorships.institutions.id%3AI154570441%2Cprimary_topic.subfield.id%3A1702%2Cpublication_year%3A2015-2026&per_page=1"
"I95457486","I103635307","27","2015-2026","VERIFIED_RELATIONSHIP","https://api.openalex.org/works?filter=authorships.institutions.id%3AI95457486%2Cauthorships.institutions.id%3AI103635307%2Cprimary_topic.subfield.id%3A1702%2Cpublication_year%3A2015-2026&per_page=1"
"I95457486","I1282311441","27","2015-2026","VERIFIED_RELATIONSHIP","https://api.openalex.org/works?filter=authorships.institutions.id%3AI95457486%2Cauthorships.institutions.id%3AI1282311441%2Cprimary_topic.subfield.id%3A1702%2Cpublication_year%3A2015-2026&per_page=1"
"I122411786","I154570441","25","2015-2026","VERIFIED_RELATIONSHIP","https://api.openalex.org/works?filter=authorships.institutions.id%3AI122411786%2Cauthorships.institutions.id%3AI154570441%2Cprimary_topic.subfield.id%3A1702%2Cpublication_year%3A2015-2026&per_page=1"
"I36258959","I204250578","24","2015-2026","VERIFIED_RELATIONSHIP","https://api.openalex.org/works?filter=authorships.institutions.id%3AI36258959%2Cauthorships.institutions.id%3AI204250578%2Cprimary_topic.subfield.id%3A1702%2Cpublication_year%3A2015-2026&per_page=1"
"I204250578","I84218800","24","2015-2026","VERIFIED_RELATIONSHIP","https://api.openalex.org/works?filter=authorships.institutions.id%3AI204250578%2Cauthorships.institutions.id%3AI84218800%2Cprimary_topic.subfield.id%3A1702%2Cpublication_year%3A2015-2026&per_page=1"
"I1174212","I103635307","23","2015-2026","VERIFIED_RELATIONSHIP","https://api.openalex.org/works?filter=authorships.institutions.id%3AI1174212%2Cauthorships.institutions.id%3AI103635307%2Cprimary_topic.subfield.id%3A1702%2Cpublication_year%3A2015-2026&per_page=1"
"I204250578","I122411786","23","2015-2026","VERIFIED_RELATIONSHIP","https://api.openalex.org/works?filter=authorships.institutions.id%3AI204250578%2Cauthorships.institutions.id%3AI122411786%2Cprimary_topic.subfield.id%3A1702%2Cpublication_year%3A2015-2026&per_page=1"
"I36258959","I103635307","22","2015-2026","VERIFIED_RELATIONSHIP","https://api.openalex.org/works?filter=authorships.institutions.id%3AI36258959%2Cauthorships.institutions.id%3AI103635307%2Cprimary_topic.subfield.id%3A1702%2Cpublication_year%3A2015-2026&per_page=1"
"I97018004","I1306409833","21","2015-2026","VERIFIED_RELATIONSHIP","https://api.openalex.org/works?filter=authorships.institutions.id%3AI97018004%2Cauthorships.institutions.id%3AI1306409833%2Cprimary_topic.subfield.id%3A1702%2Cpublication_year%3A2015-2026&per_page=1"
"I161318765","I154570441","19","2015-2026","VERIFIED_RELATIONSHIP","https://api.openalex.org/works?filter=authorships.institutions.id%3AI161318765%2Cauthorships.institutions.id%3AI154570441%2Cprimary_topic.subfield.id%3A1702%2Cpublication_year%3A2015-2026&per_page=1"
"I36258959","I122411786","19","2015-2026","VERIFIED_RELATIONSHIP","https://api.openalex.org/works?filter=authorships.institutions.id%3AI36258959%2Cauthorships.institutions.id%3AI122411786%2Cprimary_topic.subfield.id%3A1702%2Cpublication_year%3A2015-2026&per_page=1"
"I36258959","I1306409833","18","2015-2026","VERIFIED_RELATIONSHIP","https://api.openalex.org/works?filter=authorships.institutions.id%3AI36258959%2Cauthorships.institutions.id%3AI1306409833%2Cprimary_topic.subfield.id%3A1702%2Cpublication_year%3A2015-2026&per_page=1"
"I122411786","I103635307","18","2015-2026","VERIFIED_RELATIONSHIP","https://api.openalex.org/works?filter=authorships.institutions.id%3AI122411786%2Cauthorships.institutions.id%3AI103635307%2Cprimary_topic.subfield.id%3A1702%2Cpublication_year%3A2015-2026&per_page=1"
"I1174212","I154570441","16","2015-2026","VERIFIED_RELATIONSHIP","https://api.openalex.org/works?filter=authorships.institutions.id%3AI1174212%2Cauthorships.institutions.id%3AI154570441%2Cprimary_topic.subfield.id%3A1702%2Cpublication_year%3A2015-2026&per_page=1"
"I1174212","I185103710","16","2015-2026","VERIFIED_RELATIONSHIP","https://api.openalex.org/works?filter=authorships.institutions.id%3AI1174212%2Cauthorships.institutions.id%3AI185103710%2Cprimary_topic.subfield.id%3A1702%2Cpublication_year%3A2015-2026&per_page=1"
"I1174212","I1306409833","15","2015-2026","VERIFIED_RELATIONSHIP","https://api.openalex.org/works?filter=authorships.institutions.id%3AI1174212%2Cauthorships.institutions.id%3AI1306409833%2Cprimary_topic.subfield.id%3A1702%2Cpublication_year%3A2015-2026&per_page=1"
"I154570441","I185103710","15","2015-2026","VERIFIED_RELATIONSHIP","https://api.openalex.org/works?filter=authorships.institutions.id%3AI154570441%2Cauthorships.institutions.id%3AI185103710%2Cprimary_topic.subfield.id%3A1702%2Cpublication_year%3A2015-2026&per_page=1"
"I36258959","I185103710","14","2015-2026","VERIFIED_RELATIONSHIP","https://api.openalex.org/works?filter=authorships.institutions.id%3AI36258959%2Cauthorships.institutions.id%3AI185103710%2Cprimary_topic.subfield.id%3A1702%2Cpublication_year%3A2015-2026&per_page=1"
"I154570441","I84218800","13","2015-2026","VERIFIED_RELATIONSHIP","https://api.openalex.org/works?filter=authorships.institutions.id%3AI154570441%2Cauthorships.institutions.id%3AI84218800%2Cprimary_topic.subfield.id%3A1702%2Cpublication_year%3A2015-2026&per_page=1"
"I95457486","I4210114444","12","2015-2026","VERIFIED_RELATIONSHIP","https://api.openalex.org/works?filter=authorships.institutions.id%3AI95457486%2Cauthorships.institutions.id%3AI4210114444%2Cprimary_topic.subfield.id%3A1702%2Cpublication_year%3A2015-2026&per_page=1"
"I161318765","I103635307","12","2015-2026","VERIFIED_RELATIONSHIP","https://api.openalex.org/works?filter=authorships.institutions.id%3AI161318765%2Cauthorships.institutions.id%3AI103635307%2Cprimary_topic.subfield.id%3A1702%2Cpublication_year%3A2015-2026&per_page=1"
"I122411786","I84218800","12","2015-2026","VERIFIED_RELATIONSHIP","https://api.openalex.org/works?filter=authorships.institutions.id%3AI122411786%2Cauthorships.institutions.id%3AI84218800%2Cprimary_topic.subfield.id%3A1702%2Cpublication_year%3A2015-2026&per_page=1"
"I84218800","I185103710","12","2015-2026","VERIFIED_RELATIONSHIP","https://api.openalex.org/works?filter=authorships.institutions.id%3AI84218800%2Cauthorships.institutions.id%3AI185103710%2Cprimary_topic.subfield.id%3A1702%2Cpublication_year%3A2015-2026&per_page=1"
"I95457486","I1306409833","11","2015-2026","VERIFIED_RELATIONSHIP","https://api.openalex.org/works?filter=authorships.institutions.id%3AI95457486%2Cauthorships.institutions.id%3AI1306409833%2Cprimary_topic.subfield.id%3A1702%2Cpublication_year%3A2015-2026&per_page=1"
"I84218800","I1282311441","11","2015-2026","VERIFIED_RELATIONSHIP","https://api.openalex.org/works?filter=authorships.institutions.id%3AI84218800%2Cauthorships.institutions.id%3AI1282311441%2Cprimary_topic.subfield.id%3A1702%2Cpublication_year%3A2015-2026&per_page=1"
"I97018004","I4210114444","10","2015-2026","VERIFIED_RELATIONSHIP","https://api.openalex.org/works?filter=authorships.institutions.id%3AI97018004%2Cauthorships.institutions.id%3AI4210114444%2Cprimary_topic.subfield.id%3A1702%2Cpublication_year%3A2015-2026&per_page=1"
"I1174212","I4210114444","10","2015-2026","VERIFIED_RELATIONSHIP","https://api.openalex.org/works?filter=authorships.institutions.id%3AI1174212%2Cauthorships.institutions.id%3AI4210114444%2Cprimary_topic.subfield.id%3A1702%2Cpublication_year%3A2015-2026&per_page=1"
"I122411786","I185103710","10","2015-2026","VERIFIED_RELATIONSHIP","https://api.openalex.org/works?filter=authorships.institutions.id%3AI122411786%2Cauthorships.institutions.id%3AI185103710%2Cprimary_topic.subfield.id%3A1702%2Cpublication_year%3A2015-2026&per_page=1"
"I84218800","I103635307","10","2015-2026","VERIFIED_RELATIONSHIP","https://api.openalex.org/works?filter=authorships.institutions.id%3AI84218800%2Cauthorships.institutions.id%3AI103635307%2Cprimary_topic.subfield.id%3A1702%2Cpublication_year%3A2015-2026&per_page=1"
"I97018004","I103635307","9","2015-2026","VERIFIED_RELATIONSHIP","https://api.openalex.org/works?filter=authorships.institutions.id%3AI97018004%2Cauthorships.institutions.id%3AI103635307%2Cprimary_topic.subfield.id%3A1702%2Cpublication_year%3A2015-2026&per_page=1"
"I161318765","I185103710","9","2015-2026","VERIFIED_RELATIONSHIP","https://api.openalex.org/works?filter=authorships.institutions.id%3AI161318765%2Cauthorships.institutions.id%3AI185103710%2Cprimary_topic.subfield.id%3A1702%2Cpublication_year%3A2015-2026&per_page=1"
"I97018004","I1282311441","8","2015-2026","VERIFIED_RELATIONSHIP","https://api.openalex.org/works?filter=authorships.institutions.id%3AI97018004%2Cauthorships.institutions.id%3AI1282311441%2Cprimary_topic.subfield.id%3A1702%2Cpublication_year%3A2015-2026&per_page=1"
"I161318765","I4210095624","8","2015-2026","VERIFIED_RELATIONSHIP","https://api.openalex.org/works?filter=authorships.institutions.id%3AI161318765%2Cauthorships.institutions.id%3AI4210095624%2Cprimary_topic.subfield.id%3A1702%2Cpublication_year%3A2015-2026&per_page=1"
"I1174212","I4210095624","7","2015-2026","VERIFIED_RELATIONSHIP","https://api.openalex.org/works?filter=authorships.institutions.id%3AI1174212%2Cauthorships.institutions.id%3AI4210095624%2Cprimary_topic.subfield.id%3A1702%2Cpublication_year%3A2015-2026&per_page=1"
"I204250578","I103635307","7","2015-2026","VERIFIED_RELATIONSHIP","https://api.openalex.org/works?filter=authorships.institutions.id%3AI204250578%2Cauthorships.institutions.id%3AI103635307%2Cprimary_topic.subfield.id%3A1702%2Cpublication_year%3A2015-2026&per_page=1"
"I161318765","I1306409833","6","2015-2026","VERIFIED_RELATIONSHIP","https://api.openalex.org/works?filter=authorships.institutions.id%3AI161318765%2Cauthorships.institutions.id%3AI1306409833%2Cprimary_topic.subfield.id%3A1702%2Cpublication_year%3A2015-2026&per_page=1"
"I161318765","I1282311441","6","2015-2026","VERIFIED_RELATIONSHIP","https://api.openalex.org/works?filter=authorships.institutions.id%3AI161318765%2Cauthorships.institutions.id%3AI1282311441%2Cprimary_topic.subfield.id%3A1702%2Cpublication_year%3A2015-2026&per_page=1"
"I36258959","I4210114444","6","2015-2026","VERIFIED_RELATIONSHIP","https://api.openalex.org/works?filter=authorships.institutions.id%3AI36258959%2Cauthorships.institutions.id%3AI4210114444%2Cprimary_topic.subfield.id%3A1702%2Cpublication_year%3A2015-2026&per_page=1"
"I204250578","I185103710","6","2015-2026","VERIFIED_RELATIONSHIP","https://api.openalex.org/works?filter=authorships.institutions.id%3AI204250578%2Cauthorships.institutions.id%3AI185103710%2Cprimary_topic.subfield.id%3A1702%2Cpublication_year%3A2015-2026&per_page=1"
"I154570441","I1282311441","6","2015-2026","VERIFIED_RELATIONSHIP","https://api.openalex.org/works?filter=authorships.institutions.id%3AI154570441%2Cauthorships.institutions.id%3AI1282311441%2Cprimary_topic.subfield.id%3A1702%2Cpublication_year%3A2015-2026&per_page=1"
"I103635307","I1282311441","6","2015-2026","VERIFIED_RELATIONSHIP","https://api.openalex.org/works?filter=authorships.institutions.id%3AI103635307%2Cauthorships.institutions.id%3AI1282311441%2Cprimary_topic.subfield.id%3A1702%2Cpublication_year%3A2015-2026&per_page=1"
"I1291425158","I1282311441","5","2015-2026","VERIFIED_RELATIONSHIP","https://api.openalex.org/works?filter=authorships.institutions.id%3AI1291425158%2Cauthorships.institutions.id%3AI1282311441%2Cprimary_topic.subfield.id%3A1702%2Cpublication_year%3A2015-2026&per_page=1"
"I95457486","I4210095624","5","2015-2026","VERIFIED_RELATIONSHIP","https://api.openalex.org/works?filter=authorships.institutions.id%3AI95457486%2Cauthorships.institutions.id%3AI4210095624%2Cprimary_topic.subfield.id%3A1702%2Cpublication_year%3A2015-2026&per_page=1"
"I1174212","I1282311441","5","2015-2026","VERIFIED_RELATIONSHIP","https://api.openalex.org/works?filter=authorships.institutions.id%3AI1174212%2Cauthorships.institutions.id%3AI1282311441%2Cprimary_topic.subfield.id%3A1702%2Cpublication_year%3A2015-2026&per_page=1"
"I36258959","I1282311441","5","2015-2026","VERIFIED_RELATIONSHIP","https://api.openalex.org/works?filter=authorships.institutions.id%3AI36258959%2Cauthorships.institutions.id%3AI1282311441%2Cprimary_topic.subfield.id%3A1702%2Cpublication_year%3A2015-2026&per_page=1"
"I204250578","I154570441","5","2015-2026","VERIFIED_RELATIONSHIP","https://api.openalex.org/works?filter=authorships.institutions.id%3AI204250578%2Cauthorships.institutions.id%3AI154570441%2Cprimary_topic.subfield.id%3A1702%2Cpublication_year%3A2015-2026&per_page=1"
"I204250578","I1306409833","5","2015-2026","VERIFIED_RELATIONSHIP","https://api.openalex.org/works?filter=authorships.institutions.id%3AI204250578%2Cauthorships.institutions.id%3AI1306409833%2Cprimary_topic.subfield.id%3A1702%2Cpublication_year%3A2015-2026&per_page=1"
"I185103710","I1282311441","5","2015-2026","VERIFIED_RELATIONSHIP","https://api.openalex.org/works?filter=authorships.institutions.id%3AI185103710%2Cauthorships.institutions.id%3AI1282311441%2Cprimary_topic.subfield.id%3A1702%2Cpublication_year%3A2015-2026&per_page=1"
"I1291425158","I4210095624","4","2015-2026","VERIFIED_RELATIONSHIP","https://api.openalex.org/works?filter=authorships.institutions.id%3AI1291425158%2Cauthorships.institutions.id%3AI4210095624%2Cprimary_topic.subfield.id%3A1702%2Cpublication_year%3A2015-2026&per_page=1"
"I97018004","I4210095624","4","2015-2026","VERIFIED_RELATIONSHIP","https://api.openalex.org/works?filter=authorships.institutions.id%3AI97018004%2Cauthorships.institutions.id%3AI4210095624%2Cprimary_topic.subfield.id%3A1702%2Cpublication_year%3A2015-2026&per_page=1"
"I161318765","I4210114444","4","2015-2026","VERIFIED_RELATIONSHIP","https://api.openalex.org/works?filter=authorships.institutions.id%3AI161318765%2Cauthorships.institutions.id%3AI4210114444%2Cprimary_topic.subfield.id%3A1702%2Cpublication_year%3A2015-2026&per_page=1"
"I122411786","I1282311441","4","2015-2026","VERIFIED_RELATIONSHIP","https://api.openalex.org/works?filter=authorships.institutions.id%3AI122411786%2Cauthorships.institutions.id%3AI1282311441%2Cprimary_topic.subfield.id%3A1702%2Cpublication_year%3A2015-2026&per_page=1"
"I154570441","I4210095624","4","2015-2026","VERIFIED_RELATIONSHIP","https://api.openalex.org/works?filter=authorships.institutions.id%3AI154570441%2Cauthorships.institutions.id%3AI4210095624%2Cprimary_topic.subfield.id%3A1702%2Cpublication_year%3A2015-2026&per_page=1"
"I84218800","I1306409833","4","2015-2026","VERIFIED_RELATIONSHIP","https://api.openalex.org/works?filter=authorships.institutions.id%3AI84218800%2Cauthorships.institutions.id%3AI1306409833%2Cprimary_topic.subfield.id%3A1702%2Cpublication_year%3A2015-2026&per_page=1"
"I36258959","I4210095624","3","2015-2026","VERIFIED_RELATIONSHIP","https://api.openalex.org/works?filter=authorships.institutions.id%3AI36258959%2Cauthorships.institutions.id%3AI4210095624%2Cprimary_topic.subfield.id%3A1702%2Cpublication_year%3A2015-2026&per_page=1"
"I154570441","I1306409833","3","2015-2026","VERIFIED_RELATIONSHIP","https://api.openalex.org/works?filter=authorships.institutions.id%3AI154570441%2Cauthorships.institutions.id%3AI1306409833%2Cprimary_topic.subfield.id%3A1702%2Cpublication_year%3A2015-2026&per_page=1"
"I185103710","I1306409833","3","2015-2026","VERIFIED_RELATIONSHIP","https://api.openalex.org/works?filter=authorships.institutions.id%3AI185103710%2Cauthorships.institutions.id%3AI1306409833%2Cprimary_topic.subfield.id%3A1702%2Cpublication_year%3A2015-2026&per_page=1"
"I204250578","I4210095624","2","2015-2026","VERIFIED_RELATIONSHIP","https://api.openalex.org/works?filter=authorships.institutions.id%3AI204250578%2Cauthorships.institutions.id%3AI4210095624%2Cprimary_topic.subfield.id%3A1702%2Cpublication_year%3A2015-2026&per_page=1"
"I204250578","I4210114444","2","2015-2026","VERIFIED_RELATIONSHIP","https://api.openalex.org/works?filter=authorships.institutions.id%3AI204250578%2Cauthorships.institutions.id%3AI4210114444%2Cprimary_topic.subfield.id%3A1702%2Cpublication_year%3A2015-2026&per_page=1"
"I122411786","I1306409833","2","2015-2026","VERIFIED_RELATIONSHIP","https://api.openalex.org/works?filter=authorships.institutions.id%3AI122411786%2Cauthorships.institutions.id%3AI1306409833%2Cprimary_topic.subfield.id%3A1702%2Cpublication_year%3A2015-2026&per_page=1"
"I154570441","I4210114444","2","2015-2026","VERIFIED_RELATIONSHIP","https://api.openalex.org/works?filter=authorships.institutions.id%3AI154570441%2Cauthorships.institutions.id%3AI4210114444%2Cprimary_topic.subfield.id%3A1702%2Cpublication_year%3A2015-2026&per_page=1"
"I84218800","I4210114444","2","2015-2026","VERIFIED_RELATIONSHIP","https://api.openalex.org/works?filter=authorships.institutions.id%3AI84218800%2Cauthorships.institutions.id%3AI4210114444%2Cprimary_topic.subfield.id%3A1702%2Cpublication_year%3A2015-2026&per_page=1"
"I185103710","I103635307","2","2015-2026","VERIFIED_RELATIONSHIP","https://api.openalex.org/works?filter=authorships.institutions.id%3AI185103710%2Cauthorships.institutions.id%3AI103635307%2Cprimary_topic.subfield.id%3A1702%2Cpublication_year%3A2015-2026&per_page=1"
"I185103710","I4210114444","2","2015-2026","VERIFIED_RELATIONSHIP","https://api.openalex.org/works?filter=authorships.institutions.id%3AI185103710%2Cauthorships.institutions.id%3AI4210114444%2Cprimary_topic.subfield.id%3A1702%2Cpublication_year%3A2015-2026&per_page=1"
"I1306409833","I4210114444","2","2015-2026","VERIFIED_RELATIONSHIP","https://api.openalex.org/works?filter=authorships.institutions.id%3AI1306409833%2Cauthorships.institutions.id%3AI4210114444%2Cprimary_topic.subfield.id%3A1702%2Cpublication_year%3A2015-2026&per_page=1"
"I122411786","I4210095624","1","2015-2026","VERIFIED_RELATIONSHIP","https://api.openalex.org/works?filter=authorships.institutions.id%3AI122411786%2Cauthorships.institutions.id%3AI4210095624%2Cprimary_topic.subfield.id%3A1702%2Cpublication_year%3A2015-2026&per_page=1"
"I122411786","I4210114444","1","2015-2026","VERIFIED_RELATIONSHIP","https://api.openalex.org/works?filter=authorships.institutions.id%3AI122411786%2Cauthorships.institutions.id%3AI4210114444%2Cprimary_topic.subfield.id%3A1702%2Cpublication_year%3A2015-2026&per_page=1"
"I84218800","I4210095624","1","2015-2026","VERIFIED_RELATIONSHIP","https://api.openalex.org/works?filter=authorships.institutions.id%3AI84218800%2Cauthorships.institutions.id%3AI4210095624%2Cprimary_topic.subfield.id%3A1702%2Cpublication_year%3A2015-2026&per_page=1"
"I4210095624","I1306409833","1","2015-2026","VERIFIED_RELATIONSHIP","https://api.openalex.org/works?filter=authorships.institutions.id%3AI4210095624%2Cauthorships.institutions.id%3AI1306409833%2Cprimary_topic.subfield.id%3A1702%2Cpublication_year%3A2015-2026&per_page=1"
"I103635307","I1306409833","1","2015-2026","VERIFIED_RELATIONSHIP","https://api.openalex.org/works?filter=authorships.institutions.id%3AI103635307%2Cauthorships.institutions.id%3AI1306409833%2Cprimary_topic.subfield.id%3A1702%2Cpublication_year%3A2015-2026&per_page=1"
